{
 "23": {
  "area": 92.74138036537805,
  "triangle_vertices": [
   [
    0,
    0
   ],
   [
    13.951119403,
    0
   ],
   [
    9.723626264,
    13.295188391
   ]
  ],
  "centers": [
   [
    8.030294015,
    9.285913527
   ],
   [
    6.476691743,
    4.227621327
   ],
   [
    9.371724622,
    4.811934514
   ],
   [
    8.583811772,
    1.0
   ],
   [
    3.307656744,
    2.828615547
   ],
   [
    7.977768197,
    2.905967257
   ],
   [
    11.977768197,
    2.905967257
   ],
   [
    4.117696979,
    1.0
   ],
   [
    4.488316062,
    4.442940042
   ],
   [
    10.018394534,
    9.068068796
   ],
   [
    6.583811772,
    1.0
   ],
   [
    9.230238373,
    10.92655941
   ],
   [
    11.371724622,
    4.811934514
   ],
   [
    1.972211176,
    1.002644533
   ],
   [
    8.891407948,
    7.41582752
   ],
   [
    5.66897538,
    6.057264537
   ],
   [
    9.977768197,
    2.905967257
   ],
   [
    7.657351061,
    5.841945822
   ],
   [
    6.849634697,
    7.671589032
   ],
   [
    10.583811772,
    1.0
   ],
   [
    10.765681047,
    6.717901771
   ],
   [
    12.583811772,
    1.0
   ],
   [
    5.350754375,
    2.574664871
   ]
  ]
 },
 "25": {
  "area": 99.74613391786627,
  "triangle_vertices": [
   [
    0,
    0
   ],
   [
    10.732050808,
    0
   ],
   [
    10.732050808,
    18.588457268
   ]
  ],
  "centers": [
   [
    9.732050808,
    1.0
   ],
   [
    7.732050808,
    7.92820323
   ],
   [
    5.732050808,
    1.0
   ],
   [
    6.732050808,
    2.732050808
   ],
   [
    6.732050808,
    6.196152423
   ],
   [
    1.732050808,
    1.0
   ],
   [
    9.732050808,
    11.392304845
   ],
   [
    8.732050808,
    2.732050808
   ],
   [
    2.732050808,
    2.732050808
   ],
   [
    9.732050808,
    7.92820323
   ],
   [
    9.732050808,
    4.464101615
   ],
   [
    3.732050808,
    1.0
   ],
   [
    7.732050808,
    4.464101615
   ],
   [
    9.732050808,
    14.856406461
   ],
   [
    8.732050808,
    6.196152423
   ],
   [
    8.732050808,
    9.660254038
   ],
   [
    5.732050808,
    7.92820323
   ],
   [
    7.732050808,
    11.392304845
   ],
   [
    6.732050808,
    9.660254038
   ],
   [
    3.732050808,
    4.464101615
   ],
   [
    8.732050808,
    13.124355653
   ],
   [
    4.732050808,
    6.196152423
   ],
   [
    4.732050808,
    2.732050808
   ],
   [
    7.732050808,
    1.0
   ],
   [
    5.732050808,
    4.464101615
   ]
  ]
 },
 "26": {
  "area": 102.70486809637843,
  "triangle_vertices": [
   [
    0,
    0
   ],
   [
    15.651704577,
    0
   ],
   [
    7.577025614,
    13.123793334
   ]
  ],
  "centers": [
   [
    4.732050808,
    6.196152423
   ],
   [
    3.732050808,
    4.464101615
   ],
   [
    5.732050808,
    7.92820323
   ],
   [
    9.732050808,
    1.0
   ],
   [
    4.732050808,
    2.732050808
   ],
   [
    11.732050017,
    4.462323555
   ],
   [
    7.277212838,
    9.198035621
   ],
   [
    9.732050808,
    4.464101615
   ],
   [
    11.828157781,
    1.0
   ],
   [
    7.732050808,
    4.464101615
   ],
   [
    3.732050808,
    1.0
   ],
   [
    5.732050808,
    1.0
   ],
   [
    10.632047192,
    6.250160547
   ],
   [
    7.604338932,
    11.171101388
   ],
   [
    12.780103504,
    2.758919936
   ],
   [
    7.732050808,
    1.0
   ],
   [
    9.185894468,
    8.600595723
   ],
   [
    1.732050808,
    1.0
   ],
   [
    2.732050808,
    2.732050808
   ],
   [
    8.732050808,
    2.732050808
   ],
   [
    6.732050808,
    6.196152423
   ],
   [
    10.780104294,
    2.703403619
   ],
   [
    8.675906554,
    6.66671043
   ],
   [
    5.732050808,
    4.464101615
   ],
   [
    6.732050808,
    2.732050808
   ],
   [
    13.844066456,
    1.02880932
   ]
  ]
 },
 "29": {
  "area": 115.29224291665288,
  "triangle_vertices": [
   [
    0,
    0
   ],
   [
    16.465445142,
    0
   ],
   [
    10.421249688,
    14.004145278
   ]
  ],
  "centers": [
   [
    12.944680352,
    1.0
   ],
   [
    6.607502755,
    7.204149394
   ],
   [
    5.413513647,
    5.599658817
   ],
   [
    8.99548097,
    10.413130548
   ],
   [
    14.944680352,
    1.0
   ],
   [
    7.801491862,
    8.808639971
   ],
   [
    8.192572846,
    3.531609019
   ],
   [
    10.189470077,
    12.017621125
   ],
   [
    11.373086107,
    4.904319986
   ],
   [
    7.4000378,
    5.367879207
   ],
   [
    12.567075215,
    6.508810562
   ],
   [
    7.208418957,
    1.790505599
   ],
   [
    14.152145306,
    2.836270187
   ],
   [
    10.580551061,
    6.740590173
   ],
   [
    5.371274189,
    1.0
   ],
   [
    8.594026908,
    6.972369784
   ],
   [
    9.386561954,
    5.136099596
   ],
   [
    11.774540169,
    8.34508075
   ],
   [
    4.219524539,
    3.995168241
   ],
   [
    6.20604866,
    3.763388349
   ],
   [
    10.995122038,
    1.446343345
   ],
   [
    9.788016015,
    8.57686036
   ],
   [
    10.982005123,
    10.181350937
   ],
   [
    12.165621153,
    3.068049799
   ],
   [
    10.175485114,
    3.270677555
   ],
   [
    9.045563725,
    1.0
   ],
   [
    1.990656196,
    1.0
   ],
   [
    13.35961026,
    4.672540375
   ],
   [
    3.680965192,
    2.069044197
   ]
  ]
 },
 "30": {
  "area": 118.84862222465587,
  "triangle_vertices": [
   [
    0,
    0
   ],
   [
    18.054663649,
    0
   ],
   [
    10.453604402,
    13.165420806
   ]
  ],
  "centers": [
   [
    9.322612841,
    9.660254038
   ],
   [
    11.322612841,
    9.660254038
   ],
   [
    11.322612841,
    2.732050808
   ],
   [
    6.322612841,
    1.0
   ],
   [
    9.322612841,
    2.732050808
   ],
   [
    15.322612841,
    2.732050808
   ],
   [
    7.322612841,
    2.732050808
   ],
   [
    7.862275413,
    8.29372025
   ],
   [
    16.322612841,
    1.0
   ],
   [
    12.322612841,
    4.464101615
   ],
   [
    8.322612841,
    1.0
   ],
   [
    9.322612841,
    6.196152423
   ],
   [
    13.322612841,
    6.196152423
   ],
   [
    12.322612841,
    1.0
   ],
   [
    10.322612841,
    4.464101615
   ],
   [
    14.322612841,
    1.0
   ],
   [
    2.173417822,
    1.0
   ],
   [
    14.322612841,
    4.464101615
   ],
   [
    10.322612841,
    11.392304845
   ],
   [
    10.322612841,
    1.0
   ],
   [
    5.442692831,
    3.414620038
   ],
   [
    5.572846678,
    5.410380539
   ],
   [
    7.329829198,
    6.365897377
   ],
   [
    10.322612841,
    7.92820323
   ],
   [
    11.322612841,
    6.196152423
   ],
   [
    13.322612841,
    2.732050808
   ],
   [
    3.52836415,
    2.835529628
   ],
   [
    8.187411154,
    4.546260525
   ],
   [
    12.322612841,
    7.92820323
   ],
   [
    4.322612841,
    1.0
   ]
  ]
 },
 "31": {
  "area": 122.58804462720578,
  "triangle_vertices": [
   [
    0,
    0
   ],
   [
    17.191624876,
    0
   ],
   [
    12.067678611,
    14.261368022
   ]
  ],