{
 "17": {
  "side_s": 10.004253586401857,
  "container": "L-tromino: [0,s]x[0,s] minus [s/2,s]x[s/2,s]",
  "centers": [
   [
    4.002126793,
    9.004253586
   ],
   [
    9.004253586,
    4.002126793
   ],
   [
    5.039246888,
    2.501063397
   ],
   [
    2.931116429,
    2.838879609
   ],
   [
    1.387789945,
    1.0
   ],
   [
    6.360915788,
    1.0
   ],
   [
    4.002126793,
    6.32417341
   ],
   [
    1.0,
    3.359253836
   ],
   [
    2.321668899,
    4.860317233
   ],
   [
    9.004253586,
    1.0
   ],
   [
    1.032722777,
    9.004218145
   ],
   [
    4.252785328,
    4.339943005
   ],
   [
    3.717577989,
    1.0
   ],
   [
    1.0,
    6.36138063
   ],
   [
    7.682584687,
    2.501063397
   ],
   [
    2.517440779,
    7.664213498
   ],
   [
    6.360915788,
    4.002126793
   ]
  ]
 },
 "18": {
  "side_s": 10.273885055168872,
  "container": "L-tromino: [0,s]x[0,s] minus [s/2,s]x[s/2,s]",
  "centers": [
   [
    6.792032606,
    4.136942528
   ],
   [
    2.310180157,
    1.0
   ],
   [
    9.273885055,
    1.0
   ],
   [
    1.0,
    4.51110157
   ],
   [
    4.136417576,
    9.27258705
   ],
   [
    6.792032606,
    1.0
   ],
   [
    5.551106382,
    2.568471264
   ],
   [
    1.0,
    6.51110157
   ],
   [
    1.0,
    9.273885055
   ],
   [
    2.446290722,
    7.892493313
   ],
   [
    8.032958831,
    2.568471264
   ],
   [
    1.0,
    2.51110157
   ],
   [
    2.835541799,
    5.305322135
   ],
   [
    4.310180157,
    1.0
   ],
   [
    4.136942528,
    6.823991336
   ],
   [
    9.273885055,
    4.136942528
   ],
   [
    4.571514032,
    4.312145209
   ],
   [
    2.869729198,
    3.238650601
   ]
  ]
 },
 "19": {
  "side_s": 10.464896642493361,
  "container": "L-tromino: [0,s]x[0,s] minus [s/2,s]x[s/2,s]",
  "centers": [
   [
    7.889755019,
    1.0
   ],
   [
    6.528460391,
    2.465222487
   ],
   [
    1.0,
    1.0
   ],
   [
    3.083582882,
    4.41389652
   ],
   [
    5.167165764,
    1.0
   ],
   [
    2.148865439,
    9.464896642
   ],
   [
    2.014822745,
    6.104385139
   ],
   [
    4.197429329,
    9.464356741
   ],
   [
    2.068760137,
    2.690488618
   ],
   [
    1.0,
    4.380977237
   ],
   [
    1.0,
    7.827793041
   ],
   [
    3.163688184,
    7.74148874
   ],
   [
    3.137520275,
    1.0
   ],
   [
    5.464896642,
    4.232448321
   ],
   [
    7.464896642,
    4.232448321
   ],
   [
    4.232448321,
    6.051000122
   ],
   [
    9.464896642,
    4.232448321
   ],
   [
    9.464896642,
    2.232448321
   ],
   [
    4.152343019,
    2.723407902
   ]
  ]
 },
 "20": {
  "side_s": 10.616645067625587,
  "container": "L-tromino: [0,s]x[0,s] minus [s/2,s]x[s/2,s]",
  "centers": [
   [
    9.616645068,
    1.025266174
   ],
   [
    3.829399465,
    2.819916627
   ],
   [
    1.829399465,
    2.819916627
   ],
   [
    2.308322534,
    9.616645068
   ],
   [
    7.242742317,
    4.308322534
   ],
   [
    4.308322534,
    9.616645068
   ],
   [
    6.186951375,
    2.609703834
   ],
   [
    3.308322534,
    7.88459426
   ],
   [
    3.0,
    1.0
   ],
   [
    7.373902751,
    1.0
   ],
   [
    1.0,
    4.639833253
   ],
   [
    5.151367224,
    4.320716828
   ],
   [
    2.0,
    6.371884061
   ],
   [
    1.0,
    1.0
   ],
   [
    5.0,
    1.0
   ],
   [
    9.616645068,
    4.308322534
   ],
   [
    8.429693692,
    2.6986187
   ],
   [
    4.308322534,
    6.152543452
   ],
   [
    1.0,
    8.103934868
   ],
   [
    3.0,
    4.639833253
   ]
  ]
 },
 "21": {
  "side_s": 10.825649493847502,
  "container": "L-tromino: [0,s]x[0,s] minus [s/2,s]x[s/2,s]",
  "centers": [
   [
    9.825649494,
    4.412824747
   ],
   [
    2.40499642,
    6.315983374
   ],
   [
    1.46031757,
    2.946306177
   ],
   [
    2.944110111,
    1.470730458
   ],
   [
    1.0,
    9.825649494
   ],
   [
    2.915709378,
    4.318105975
   ],
   [
    8.782501944,
    2.706412373
   ],
   [
    1.0,
    4.892612354
   ],
   [
    4.412824747,
    9.825649494
   ],
   [
    4.412824747,
    7.739354393
   ],
   [
    1.0,
    7.739354393
   ],
   [
    5.740935841,
    4.333305619
   ],
   [
    6.334357973,
    2.42337102
   ],
   [
    1.0,
    1.0
   ],
   [
    4.929361553,
    1.0
   ],
   [
    2.706412373,
    8.782501944
   ],
   [
    4.335939421,
    2.909934599
   ],
   [
    9.825649494,
    1.0
   ],
   [
    7.739354393,
    1.0
   ],
   [
    4.320705798,
    5.741476995
   ],
   [
    7.739354393,
    4.412824747
   ]
  ]
 },
 "22": {
  "side_s": 10.899275665196795,
  "container": "L-tromino: [0,s]x[0,s] minus [s/2,s]x[s/2,s]",
  "centers": [
   [
    1.041390111,
    1.547469167
   ],
   [
    5.874432886,
    4.446410831
   ],
   [
    2.717815088,
    6.850358042
   ],
   [
    2.740747682,
    4.810879662
   ],
   [
    1.0,
    7.874619397
   ],
   [
    1.000007463,
    9.896888429
   ],
   [
    4.449637833,
    9.899275665
   ],
   [
    9.899275665,
    4.449637833
   ],
   [
    4.449637833,
    7.850752955
   ],
   [
    7.874430282,
    1.0
   ],
   [
    6.723218311,
    2.63545437
   ],
   [
    3.57200634,
    1.0
   ],
   [
    2.731822745,
    8.87501431
   ],
   [
    8.886852974,
    2.724818916
   ],
   [
    9.899275665,
    1.0
   ],
   [
    1.0,
    5.826096687
   ],
   [
    7.874430282,
    4.449637833
   ],
   [
    4.723220915,
    2.81095646
   ],
   [
    1.0,
    3.826096687
   ],
   [
    4.449637833,
    5.84996313
   ],
   [
    5.57200634,
    1.0
   ],
   [
    2.723220915,
    2.81095646
   ]
  ]
 },
 "23": {
  "side_s": 11.217812408751104,
  "container": "L-tromino: [0,s]x[0,s] minus [s/2,s]x[s/2,s]",
  "centers": [
   [
    1.0,
    10.217812409
   ],
   [
    8.223847791,
    1.155258177
   ],
   [
    4.608906204,
    6.217812409
   ],
   [
    10.217812409,
    4.608906204
   ],
   [
    2.596549399,
    3.013225336
   ],
   [
    1.0,
    6.217812409
   ],
   [
    2.829235949,
    1.0
   ],
   [
    2.804453102,
    7.355287625
   ],
   [
    9.355287625,
    2.804453102
   ],
   [
    1.0,
    8.217812409
   ],
   [
    8.223847791,
    4.453648027
   ],
   [
    1.0,
    4.217812409
   ],
   [
    4.608906204,
    10.217812409
   ],
   [
    4.529559561,
    2.053043027
   ],
   [
    1.0,
    1.808638264
   ],
   [
    6.229883172,
    1.0
   ],
   [
    2.804453102,
    9.355287625
   ],
   [
    10.217812409,
    1.0
   ],
   [
    4.312150219,
    4.041191205
   ],
   [
    2.804453102,
    5.355287625
   ],
   [
    7.092407956,
    2.804453102
   ],
   [
    4.608906204,
    8.217812409
   ],
   [
    6.229883172,
    4.608906204
   ]
  ]
 },
 "24": {
  "side_s": 11.412241300340549,
  "container": "L-tromino: [0,s]x[0,s] minus [s/2,s]x[s/2,s]",
  "centers": [
   [
    1.0,
    10.4122413
   ],
   [
    4.70612065,
    10.4122413
   ],
   [
    1.142278574,
    4.417308518
   ],
   [
    10.4122413,
    1.0
   ],
   [
    10.4122413,
    4.70612065
   ],
   [
    2.853060325,
    9.659800318
   ],
   [
    6.4122413,
    4.70612065
   ],
   [
    5.659800318,
    2.853060325
   ],
   [
    4.70612065,
    8.4122413
   ],
   [
    2.413103591,
    1.0
   ],
   [
    8.4122413,
    1.0
   ],
   [
    7.659800318,
    2.853060325
   ],
   [
    1.000378193,
    2.415791236
   ],
   [
    1.0,
    6.4122413
   ],
   [
    6.4122413,
    1.0
   ],
   [
    8.4122413,
    4.70612065
   ],
   [
    4.70612065,
    6.4122413
   ],
   [
    2.853060325,
    5.659800318
   ],
   [
    3.110794304,
    2.927920767
   ],
   [
    1.0,
    8.4122413
   ],
   [
    4.431223493,
    4.431223493
   ],
   [
    2.853060325,
    7.659800318
   ],
   [
    9.659800318,
    2.853060325
   ],
   [
    4.412672446,
    1.041525834
   ]
  ]
 },
 "25": {
  "side_s": 11.712699596610715,
  "container": "L-tromino: [0,s]x[0,s] minus [s/2,s]x[s/2,s]",